id,name
1,Mars Telecom
2,Urenok Software
3,National Infomatics Center
4,Aquapure Corporation
5,Devops Infotech
6,Hazer Tech Solutions Pvt. Ltd
7,24/7.AI
8,Xavient Information System
9,Avnet Services
10,Icriya Digital Technologies Pvt. Ltd.
11,Affluent Global Services Pvt Ltd
12,Digistar Infotech
13,Iwin Software Technologies Private Ltd.
14,Sreeven  Infocom Ltd
15,Agnity Technologies
16,Unisys
17,GP Strategies
18,CMS Computers
19,Dasaka Software Solutions
20,Gowin Search Llc
21,Magnaquest Technologies Ltd.
22,Symphony
23,Reliance Life Insurance
24,ECI Telecom India Pvt Ltd.
25,Optum
26,Gavs Technologies Pvt Ltd
27,Arctern Consulting Pvt Ltd
28,Ideao Pvt Ltd
29,Altius Data Solutions Pvt Ltd
30,Invesco India Pvt. Ltd.
31,old Coast Grill &Catering
32,Decisive Analytical System
33,Utopia Mobile Pvt. Ltd
34,Xpress Computers Pvt Ltd
35,Innovation Technologies
36,Datacore Technologies
37,Logic Vision India Pvt Ltd
38,GlobalNet Intelligence
39,Adequare
40,Trimax IT infrastructur Pvt Ltd
41,Avni Networks
42,Deloitte
43,GE Countrywide
44,EnterPi Software Solutions
45,Datamatics Global Services Pvt Ltd
46,Centillion Solutions & Services Pvt Ltd
47,ThoughtGreen Technologies Pvt Ltd
48,Copart India Technology Center
49,SLK Global
50,Glomantra Eservices
51,Vasudhaika Software Solutions Pvt. Ltd
52,Oogababy
53,Maveric Systems
54,Eitacies Inc.
55,Canada Drives
56,Melbourne Convention & Exhibition Centre
57,C&K Management- TIM group
58,Phenom People Private Limited
59,Teradata
60,Humetriq Software & Solutions Pvt. Ltd.
61,AAM India Manufacturing and Corporation Pvt. Ltd
62,Sterling Publishing
63,Evelyn Software Labs
64,LERA TECHNOLOGIES PVT. LTD.
65,Span Across IT Solutions Pvt Ltd
66,Cirtru Classifieds Pvt Ltd
67,PWC SDC Kolkata Pvt Ltd
68,"Wells Fargo, Hyderabad"
69,Cucumbertown Software Labs Pvt. Ltd.
70,Adaptive Software Solutions
71,TeamLease Services Pvt Ltd
72,Authorgen Technologies
73,Ansr Source India Pvt. Ltd.
74,USM Business Systems
75,Qatalys Technologies
76,Osmosys Software Solutions Pvt Ltd
77,Sonata Software Limited
78,Optimus BT Info Technologies Pvt Ltd
79,ModZero Games Pvt. Ltd.
80,LG Soft India
81,Dynacommerce
82,Nethu Soft Pvt Ltd
83,Frontine Group
84,Wave 9 IT solutions
85,Flexsin Technology
86,Fortune Consulting
87,Diaspark
88,"Delta System & software inc, Dallas TX, USA"
89,UX Mint
90,Synechron Technologies Pvt Ltd
91,Canvaas Tech Solutions
92,Rebaca Technologies Pvt Ltd
93,SWC India Invest Co LLP
94,Ramoji Krian Pvt Ltd
95,Arigel Software
96,Gister Pages
97,Meru Networks
98,Synkronit Software
99,Outworks Solutions
100,Indmax IT Services
101,Arrk Solutions Pvt Ltd
102,Alchemy Techsol India Pvt. Ltd.
103,Mentor Graphics Corporation
104,Fourceedge Software Solutions
105,Sapvix Inc
106,Technosoft Global Services Pvt. Ltd.
107,Launchship Technology Pvt. Ltd
108,Infofaces Pvt Ltd
109,Freshworks
110,SQS India BFSI Ltd.
111,Altran Technologies
112,I Media
113,Future Generali India
114,Mindweaver
115,ATOS IT solutions and services private limited
116,Datamatics Software Service Ltd.
117,Fikka Technologies Pvt Ltd
118,Fruitstone
119,Gramener Pvt Ltd
120,Himansu IT Services
121,Incube Solutions India Pvt. Ltd
122,Tieto.in
123,Atos Syntel
124,Chysalis
125,Coreflex Solutions
126,VGL Softech Ltd.
127,Colruyt IT Consultancy India Pvt. Ltd
128,Adecco
129,Adecco India Pvt Ltd
130,Societe Generale
131,Ness Technology
132,Cisco Systems
133,Belzabar Software Design
134,Impressico Business Solution
135,"Trust Systems & Software Pvt Ltd, Nagpur"
136,Valuelabs India Pvt Ltd
137,Source One Management
138,CoMakeIT Pvt Ltd
139,Saven Technologies Limited
140,Wildnet Technologies
141,Bally Technologies
142,Medmeme Informatics Pvt. Limited
143,Quest Global
144,Darshan Softech
145,Glow Networks
146,Misys Software Solutions
147,Sirez
148,Hybrid Communications
149,Net4India Ltd
150,Clubman Software Solutions
151,Unisys
152,Enterprise One Consulting Services Private Limited
153,MNK Software Technologies Pvt. Ltd.
154,Multivision Inc.
155,Locus Enterprises
156,ASAP Info Systems Pvt. Ltd
157,MetricStream Ltd
158,Xorail
159,Damaka Technologies
160,StraVis IT Solutions Private Limited
161,Sapient Consulting
162,AppNextGen
163,ITC Infotech
164,Flextronics Technologies
165,Aloha Technologies
166,Tesync Technology Limited
167,"Duda, Inc."
168,Hexaware Technologies
169,AGT Software IMpex
170,Dhruvsoft Services Pvt Ltd
171,Zenvet Solutions India Pvt Ltd
172,Softcrylic Pvt Ltd
173,Amrita Centre for Cyber Security Pvt Ltd
174,Laminar Bytes Software Pvt Ltd
175,Knowlarity Communications Pvt Ltd
176,National Center for Software Technology
177,Hedgehoglab
178,Third Eye Data Analytics Services India Pvt Ltd
179,Mindwork Associates
180,TTK Services
181,Radnik Auto Exports
182,A&M Adverstising
183,Asterminds Enterprise Solutions Pvt Ltd
184,Nhance Engineering
185,Blackstone Moregate
186,Accelya (Formerly Mercator FZE)
187,Optum Global Solutions
188,Marbel Softech India Pvt Ltd
189,Mphasis Private Limited
190,Productiva IT Solutions
191,Gain Credit
192,Pervacio India Pvt. Ltd
193,Resfeber Labs Pvt. Ltd.
194,Ziff Davis Salebuild
195,Frontier Business Systems Pvt Ltd
196,DreamsScape Institute
197,Capita India Pvt. Ltd.
198,TCG Digital Solutions Pvt. Ltd
199,Saxo AS
200,Hutchison 3 Global
201,Epam Systems IT India Pvt. Ltd.
202,Zen3 Infosolutions
203,Client Curve Infosystems
204,"Infostretch Corporation, Pune"
205,Influx Interactive
206,Blue Star Ltd.
207,IP soft global services Pvt ltd
208,ITI Limited
209,Blaze Clan Technologies Pvt. Ltd
210,Agnisys Technology Pvt. Ltd
211,Condon Software
212,Adaptive Payments
213,tringapps Research Labs
214,Insideview
215,InteractCRM Solutions Pvt Ltd
216,Alight Solutions
217,Synaptics
218,Reputation.com India Pvt. Ltd.
219,Ascentia Global Solutions
220,Samphal Developmement
221,Shankara
222,Purple Slate
223,Indiareads Pvt. Ltd.
224,Tagos
225,Softsol Inc
226,Natvarlal Vepari & Co.
227,Mercer
228,Verizon
229,NSR Information Systems
230,CloudIO
231,Citydial
232,L&T Infotech
233,Amber Road Software Pvt Ltd
234,Search Value Pvt Ltd
235,Hexaview Technologies Pvt Ltd
236,Big Info Labs Pvt Ltd
237,Innokaiz Services
238,Vernalis
239,Ideas2It Technologies
240,British Council
241,Criss Cross Solutions
242,4 C Soloutions Pvt ltd
243,HR Global Services LLP
244,Inspiring Wave Digitech Pvt Ltd
245,Blue Star Diamond
246,Locuz Enterprise Solutions Limited
247,One97 Communications Pvt Ltd
248,Ritam Solutions
249,Aviana NRIT Pvt Ltd
250,Feetapart Wellness Pvt Ltd
251,Inautix
252,Isoft
253,Amulya Info Tech
254,Region Holdings
255,Mquotient Solutions
256,Effone Technologies
257,Adea Pvt Ltd
258,Talentica Software Pvt Ltd
259,Digikraft Technologies Pvt Ltd
260,Sri Bharathi ITES Pvt Ltd
261,Tejoyasha IT Solutions Pvt Ltd
262,"Alliance Global Services, EPAM"
263,Tyfone CDI
264,Zoho Development Center Pvt. Ltd
265,Mercedes Benz R&D
266,"SOTL, OppCyber Pearl"
267,Lakshya Digital
268,Shrestha Consultancy
269,8Kmiles
270,Pennywise
271,Orange Informatics Pvt Ltd
272,Xome
273,Resource Square Solutions
274,KSIT Consulting
275,Find Data Sciences Private Limited
276,Applied Info Services India Pvt Ltd
277,Adept Concepts Pvt Ltd
278,3Cit Yanta Software Services Pvt. Ltd.
279,Vizient Inc
280,Synapse India
281,Franklin Templeton Investments
282,"Hindustan Times Firefly e Ventures, Gurgaon"
283,IBill
284,S-Apps Technologies
285,CoreTechs
286,Graviton Solutions
287,"IIT, Kanpur"
288,Kaara Info Systems
289,Wipro Digital Operations & Platforms
290,HotelHub LLB
291,Arrka Infosec Pvt Ltd
292,CB Richard Ellis South Asia Pvt Ltd
293,Molex India Business Services Pvt Ltd
294,Gains Solutions
295,Alten Calsoft Labs Pvt. Ltd.
296,Medusind Solutions
297,Expertus
298,Teknorix Systems Pvt Ltd.
299,Network18 Media & Investments Limited
300,Medi Assist Health Care Sevices Pvt Ltd
301,SBL Knowledge Services
302,ICERTIS Solutions
303,Nokia
304,Zensar Technologies Pvt. Ltd.
305,US Technology International Pvt. Ltd.
306,Kore Software Services Pvt Ltd
307,CSC
308,Adtec Electronic Instruments Private Ltd.
309,AppLabs Technologies Pvt Ltd
310,Mafatlal Industries Limited
311,SMAAP Technologies Pvt Ltd
312,STC Systems Pvt Ltd
313,American International Group
314,Aress Software & Education technologies pvt ltd
315,Megasoft Limited
316,Financial Software & Systems
317,Arosestar Digital Healthcare Technologies Private Limited
318,Dynamic Solutions
319,Focus Infotech
320,Portware India Pvt Ltd
321,Kantar
322,Griha Software Technologies Pvt Ltd
323,Crescendo Knowledge Solutions
324,TAI Infotech Ltd Gurgaon
325,TMF Services PVt Ltd
326,Collabera Technologies
327,Broadridge India Pvt. Ltd
328,Flugent Technology Consulting Services
329,Neev Information Technologies Pvt Ltd (Razorfish) Bangalore
330,Gantec Solution
331,TrueTech Solutions
332,Mutual Mobile
333,Lets Corp India Ltd.
334,Suyati Technologies
335,Ramco Systems Limited
336,i3Consulting/Sutra Analytics
337,Kore.ai
338,vCentric Technologies Pvt. Ltd.
339,CKIT Solutions
340,Timac Agro
341,Channel Soft
342,Jan Kath -Finlay and Kath Inc.
343,Repute Infosystems
344,Acrotetal Technologies Pvt ltd
345,EIT India Pvt. Services Ltd.
346,Cyber Matrix India Pvt. Ltd.
347,Diksha Technologies Pvt Ltd
348,Nichepro Consultancy
349,POKKT
350,New Spice Solutions Private Limited
351,Vellore Institute of Technology
352,Symtrax Software Pvt. Ltd.
353,Concur Technologies
354,Rand Software
355,movingDneedle
356,Fertmat Machinery Pvt. Ltd.
357,Mindzpark
358,Synverse
359,DBS Asia Hub
360,ARC Document Solutions
361,N.0 Online Solutions Pvt Ltd
362,Genone Info Solutions Pvt. Ltd.
363,Impact Infotech
364,Kovair Software
365,Pratian Technologies
366,Lancesoft
367,"Nokia, Banaglore"
368,Sriram Infomedia
369,Itechmanage Cybermatic Pvt. Ltd.
370,Netgalactic
371,Vel Consultancy Services Limited
372,Aon Consulting Pvt. Ltd.
373,Capillary Technologies
374,Cubix Technologies
375,Snester Info Services
376,Sabre Travel Technologies
377,Rate Gain Technology Pvt Ltd
378,Lobo Staffing Solutions Pvt Ltd
379,Big V Telecom Pvt Ltd
380,Spur Tree Technologies
381,Q3 Infotech Pvt Ltd
382,Sumtotal Systems India Pvt Ltd
383,Harman Connected services
384,ControlNet India Pvt Ltd
385,BNP Paribas
386,New Video
387,Infinite Computer Solutions Inc.
388,Profound Infotech
389,Newt Global India Pvt Ltd
390,Oxyent Medical Pvt. Ltd
391,Hurix Systems
392,India innovation
393,Mahindra Comviva
394,Acclaris Business Solutions Pvt Ltd
395,Invizo Technologies Pvt Ltd
396,Data Genic India Pvt Ltd
397,MAQ Software
398,DVG Tech Solutions
399,CustomerXps Software Pvt. Ltd.
400,"System Communications Pvt Ltd., Pune"
401,Hewlett-Packard
402,TCS
403,Bellatrix Aerospace
404,SaaS SoftPro Leaders Pvt Ltd
405,Prosco Business Solutions Pvt Ltd
406,IDS Next Software Pvt. Ltd.
407,N R Enterprises
408,Techmojo Pvt Ltd
409,iSafety Systems
410,Matrix Media Pvt Ltd
411,Synfosys Business Solutions
412,Nagarro
413,Xampr
414,Kickass Design pvt. ltd
415,Reflexis Systems India Pvt. Ltd.
416,RheinBrucke
417,Max Life Insurance
418,Robosoft Technologies Pvt. Ltd.
419,IIIT - H - VLabs
420,Talent Manthan
421,eClinicalWorks LLC
422,Tech Dimension
423,Eagle Software Pvt Ltd
424,Prokarma Softech Private Limited
425,Terracis Technologies Pvt Ltd
426,Onederr Systems
427,VR Tyche Soft Pvt. Ltd.
428,Future Focus Infotech Pvt. Ltd.
429,Rofous Software
430,Yagna Technologies Private Limited
431,Shamrao Vittal Co operative Bank
432,Gandhi Inst of Engg & Tech
433,Global Logic India Pvt Ltd
434,Itrigon Software Solutions
435,Pyramid Consulting
436,Usha Kiron Televisions
437,SOA IT Solutions Pvt Ltd
438,Babajob Services Pvt Ltd.
439,G E Healthcare
440,Knowlarity Technologies Pvt Ltd
441,Highwave Infotech Pvt Ltd
442,Infosys Technology Ltd
443,Keane India
444,Price Waterhouse Coopers
445,Ops Hub Technologies Pvt Ltd
446,Storytech
447,Highradius Technologies
448,Netconnect Pvt Ltd
449,Avaamo Technologies Pvt Ltd
450,Head Infotech India Pvt Ltd
451,Gabbit Trans Ltd
452,BANNARI AMMAN INSTITUTE OF TECHNOLOGY
453,Header labs Infotech
454,Vertiv Software Labs Pvt Ltd
455,Ireslab Infotech
456,Webonise Lab
457,Karvy Analytics
458,Intertec Eng
459,Secninjaz.com
460,Vishist Pvt Ltd
461,Topsys Solutions Pvt Ltd
462,Motifworks India Pvt Ltd
463,RPS Consulting Pvt. Ltd.
464,Creative Capsule Infotech
465,T-Systems ICT India Pvt Ltd
466,Deloitte Financial Advisory Services India Pvt. Ltd
467,FICO
468,eNoah iSolution India Pvt Ltd
469,N Technologies Pvt Ltd
470,Animation Dimension India Pvt Ltd
471,Progress Software Pvt Ltd
472,EGB Systems
473,Tripod Software Solutions Pvt Ltd
474,Kony India Private Limited
475,Hinduja Global Solutions
476,Lince Soft
477,Goldstore
478,"ICSR, IIT Madras"
479,Altran Technologies
480,BA Continuum India Pvt Ltd
481,Samsung Electronics
482,Google India Pvt Ltd
483,Vajra Global Consulting Services
484,Freestone Infotech Pvt Ltd
485,ECIL Rapiscan Ltd
486,"Reliance Integrated Services India Pvt., Ltd.,"
487,Ernst & Young
488,Agathya Solutions Pvt. Ltd.
489,Baxters Foods
490,Cosmopolitan
491,Napier Healthcare Solutions
492,Acsestech
493,SemanticSpace Technologies
494,eBay India Pvt Ltd
495,Eaiesb Software Solutions
496,Prione Business Services Pvt Ltd
497,Next Education India Pvt Ltd
498,Salmon Commerce Private Limited
499,Intelliswift Software
500,RouteLink Technologies Pvt Ltd
501,EDS Technologies
502,Softserve
503,Futluz Technologies
504,Zunotech Infosystems
505,Stylumia
506,Altimetrik India Pvt. Ltd.
507,TVS Infotech
508,Harita Techserv Pvt Ltd (TVS Group)
509,Mindfield Group
510,iCUBE IT Services Pvt. Ltd.
511,Pegasus Infocorp Pvt Ltd
512,S S Techno Services
513,Janacare
514,Ocimum Bio Soulutions
515,MCKINSEY BUSINESS PRESENTATION DESIGN SERVICES
516,Accenture Services Private Limited
517,Oracle India Development Centre
518,Crayon Data India
519,Keypoint Technologies Pvt Ltd
520,Sourcebits
521,Alos Pvt Ltd
522,Softapt Software and Consulting Pvt. Ltd
523,SCR Soft Technologies
524,FlyTxt Mobile Solutions Pvt Ltd
525,Prodapt Solutions
526,Electronic Transaction Consultants Corporation  Ltd
527,Oncostem Diagnostics Pvt Lts
528,ANB systems
529,Batter Bakery
530,Pervacio India Pvt. Ltd
531,Exterro R&D Pvt Ltd
532,Geometric Software
533,Photon Infotech
534,Wilson Parking
535,"Certina Systems, Bangalore"
536,People Link
537,Testo India Pvt Ltd
538,Adaptavant Technologies
539,Helloverify India Pvt limited
540,Mii Mobile App Pvt Ltd
541,eG Innovations
542,Systems Plus Technologies
543,Vidushi Infotech
544,SEG AUTOMOTIVE
545,Crypsis Technologies
546,Inmage Systems
547,CallidusCloud (India) Pvt Ltd
548,Theorem India Pvt Ltd
549,Cavalier IT
550,Nalashaa Solutions
551,Kellton Tech
552,Ancit Consulting
553,Triad Square Infosec Pvt Ltd
554,iGold Technologies
555,A&A Dukaan Financial Services Pvt Ltd
556,Gymnage Labs Pvt Ltd
557,Echidna Software Pvt Ltd
558,E-Animedia
559,Experian
560,Knowlarity Communications India Pvt Ltd
561,Rolta India Ltd.
562,Lead IT Corporation
563,Cenduit India Service Pvt Ltd
564,United Online Software Development Pvt Ltd.
565,Enmarq Technoogies Pvt Ltd
566,Collabor Software Solutions
567,Flex India
568,Cimpress Pvt Ltd
569,Soctronics Technologies India Pvt Ltd
570,The Style Stamp
571,Computer Sciences Corporation India
572,SSP India Pvt Ltd
573,Brad Contech Solution Pvt ltd.
574,Deloitte Consulting India Pvt Ltd
575,"Pristech Technologies Private Limited,Bangalore"
576,SriVijaya Visakha Milk Products Company
577,Joulestowatts Business Solutions Pvt Ltd
578,Exilant Technology
579,Teradata
580,Factset Research Systems India Pvt. Ltd
581,Kony IT Services India Pvt Ltd
582,Qvantel Software Solutions
583,ENP Solutionz Pvt. Ltd.
584,MAQ Software
585,Aricent Technologies
586,Samsung India Software Operations
587,Wissen Infotech Pvt Ltd
588,Attra Infotech Pvt Ltd
589,AMK Technology
590,Aviva India Life Insurance Company Ltd
591,Readink Technologies Pvt Ltd
592,E Centric Solutions Pvt Ltd
593,Birlasoft Pvt Ltd
594,New Indian Express
595,Kmg Infotech Pvt Ltd
596,NIIT Ltd
597,Netcracker Technology Solutions
598,GoCoop
599,Tringapps Research Labs
600,GridLabs Network Pvt Ltd
601,Maaa.com Info Services Pvt. Ltd.
602,SRS Business Solutions
603,Ash Consultants
604,Excel Soft Technologies Pvt. Ltd
605,Tarantula
606,Nagarro
607,NSM Tech
608,Avankia Software pvt ltd
609,Loan Frame (Frame Technology Marketing Services Pvt Ltd.)
610,Stryker Global Technology
611,Hitachi Consulting
612,Mc Donalds Oakbrook IL
613,Invensys Pvt Ltd
614,Aetna Life Insurance Company
615,UST Global
616,Relyon Softtech Ltd
617,Indium Software
618,Danaher
619,S&P Global Market Intelligence
620,Adstock Business Networks Int Pvt Ltd
621,ICICI Prudential Life Insurance Company
622,SBL Global Tech
623,Soasta Inc
624,DBOI  Global Services Pvt Ltd
625,Mind Craft software
626,Ad2Pro Media Solutions Pvt. Ltd
627,Remoba Technologies Private Ltd.
628,Pioneer Computer Systems Pvt Ltd
629,Infotech Global Pvt Ltd
630,Applect Learning Pvt. Ltd
631,XL Catlin Pvt Ltd
632,Jasper Infotech
633,Belzabar Software Design Pvt Ltd
634,Star Bright Information Pvt. Ltd.
635,Poornam Info Vision
636,Benfranklin
637,Persistent Systems Ltd
638,Systel Communications pvt ltd
639,Nawaf Mattar AL-Adwani & Partner Trading Cont Co Ltd
640,Connect Infosoft
641,Team Corporate Solutons
642,Aagasthya.Inc
643,July Systems & Technologies Pvt Ltd
644,Impelsys India Pvt Ltd
645,A2Z Infrastructure Pvt. Ltd.
646,Capgemini
647,Xebia
648,Echidna INC
649,Zieta Technologies
650,Relevance Lab
651,Griscon Technology Private Limited
652,Cigniti Technologies
653,AMD Research & Development India Pvt Ltd
654,Acuvate
655,Maintec Technologies Pvt. Ltd.
656,Callisto Info Solutions
657,Pirates Production house
658,Zivame
659,Venture SoftTech
660,Sonata
661,Cybage Software Pvt Ltd
662,Digitial Harbor Pvt.
663,Everonn Education
664,Impetus Infotech (India) Private Limited
665,rapidBizApps
666,Sellcraft Softech Private Limited
667,SLK Software Services Pvt. Ltd
668,Angler Technologies India
669,Aracom
670,CA Technologies Pvt Ltd
671,Tracxn Technologies Pvt Ltd
672,Harman Connected Services
673,BgSE Financials
674,Arezzo Sky India Pvt Ltd
675,Tenet Technologies Pvt Ltd
676,Veibe Systems Pvt Ltd
677,ILINK SYSTEMS
678,IT CONVERGENCE
679,Alron IT Solutions Pvt Ltd
680,Agile Solutions India Pvt. Ltd.
681,Intraedge Technologies
682,System Consultant Information India Pvt Ltd
683,Urban Ladder
684,Fesztoon Animation
685,Wakanow
686,ASM Technologies
687,GGK Technologies
688,Council of Scientific and Industrial Research ï¿½- CEERI
689,Linchpin Technologies
690,CitiusTech Healthcare Technology Private Limited
691,Cognizant Technology Solutions India Pvt Ltd
692,AVEVA Solutions India LLP
693,Inetrgraph
694,GlassCheese Software Technologies Pvt Ltd
695,UK Trade and Investment
696,SIRIUS COMPUTER SOLUTIONS
697,INTERAKT DIGITAL SOLUTIONS
698,Micro Control
699,Shar cloud solutions
700,Tabree
701,Klaus IT Solutions Pvt Ltd
702,Forte Solutions Pvt Ltd
703,Kayako Infotech
704,Encore Software Services
705,Oracle India Pvt. Ltd
706,Defiance Technologies
707,Aurobindo Infrastructure Pvt Ltd
708,Clic Services Pvt. Ltd
709,Candor Solutions
710,Mahindra Satyam
711,Cerner Corporation
712,Octal Systems
713,Own Startup
714,Novartis HealthCare Pvt Ltd
715,Weavelabs Technolgies Pvt Ltd
716,Qolsys
717,Interwoven
718,Kreatio Software
719,Cuelogic Technologies
720,Aditya Birla Groups
721,Orane Intelli Solutions
722,Helzberg Diamonds
723,ERMS Technologies
724,MaaxtreeM
725,TechUnified Consulting
726,Option Matrix Info Tech
727,Vaibhav solutions Pvt ltd
728,Bit Canny Technologies Pvt Ltd
729,VIT Technologies
730,Health Asyst Pvt Ltd
731,Itilite Technologies Pvt Ltd
732,Pivotal IQ
733,Thakral One Solutions Pvt. Ltd.
734,Pyro Networks
735,Darwinbox Digital Solutions
736,Huawei
737,Techarro Soft Solutions India Pvt Ltd
738,Monster.com
739,Trendz Information Technologies
740,Ascendia Technology Pvt. Ltd
741,Ameriprise Financial
742,TPD Technosoft Pvt Ltd
743,Hoch Technologies Pvt Ltd
744,"LabAdvantage Solutions, Kolkata"
745,CMC Limited
746,Sify Technologies Ltd
747,20Cube Logistics Solutions Pvt ltd
748,Hughes systique
749,Informatica Business Solutions
750,Infosys BPO Ltd
751,Transbit Technologies Software Pvt.Ltd.
752,Oracle India Pvt ltd
753,Talent Pro
754,CYBERTECH SOLUTIONS
755,Niksun Ad World Inc.
756,Ace Engineer
757,CBSI India Pvt Ltd
758,Windowmaker
759,Kingfisher Airlines
760,Imaginea Technologies Inc.
761,Nsure Reliable Power Solutions Pvt Ltd
762,Metadesign Solutions Pvt Ltd.
763,Egurus Solutions Ltd
764,Seclore Technology Private Limited
765,Crypsis Technologies
766,SM NetServ Technologies Pvt Ltd
767,CRYSTAL BI TECHNOLOGIES
768,KPIT
769,Innovektor Consultancy Services Pvt Ltd
770,Cordis Technologies India Pvt Ltd
771,Promax Digital Pvt Ltd
772,Global Space Technologies
773,Chauka
774,Cloudaction India Pvt Ltd
775,Zestwings Informatics Private Limited
776,Tata Consultancy Services Ltd
777,Qison Private Limited
778,Techizz Solutions India Pvt. Ltd.
779,Vuclip India Pvt. Ltd
780,Infovison Labs India Pvt Ltd
781,Nuveda Learning
782,Zenoti
783,GL Technocraft Pvt.Ltd
784,Delta Technology & Management Services Pvt. Ltd
785,Synygy India Pvt Ltd
786,Abos Labs
787,Cube26 PVT LTD
788,Accolite
789,Fishbowl India
790,Viralocity Interactive Solutions Pvt Ltd
791,Flex India Private Limited
792,Logitech India
793,Zen Quality Assurance Pvt Ltd
794,Manhattan Associates Pvt Ltd
795,Iconma Professional Services and Solutions PVt Ltd
796,Aten India Software Solutions
797,Infinite Computer Solutions (India) Ltd.
798,Akvarr Inc
799,Spiran Info Solutions Pvt Ltd
800,Xodus Integrated Services Pvt Ltd
801,Compassites Solutions Pvt Ltd
802,FISCHER INTERNATIONAL
803,Nuware systems Private Limited
804,Unilever Industries Private Limited
805,Techno Comp Computer Services
806,Bingo Truck Enterprises
807,PCB Apps
808,Symbioun Solutions Pvt. Ltd.
809,Agile Point Software India Pvt. Ltd
810,Hyexel Technologies Consulting Pvt Ltd
811,Sysbiz Technologies
812,City Online Services Ltd
813,Steria India Pvt Ltd
814,Ukta Global Inc
815,Fasdec
816,Nmsworks Software Pvt Ltd
817,Zoyride Global Pvt Ltd.
818,Pooja Enterprises
819,Infinite Camputes Solutions
820,HeyMath
821,Nagarro Software Ind
822,Hamstech Institute
823,e-Soft Technologies
824,Market Simplified
825,Cornershop Animation Pvt Ltd
826,ECD Global Infotech Pvt Ltd
827,Tailcurrent Technologies Pvt Ltd
828,Cryptograph Technologies Pvt. Ltd.
829,Cluburb.com
830,Thoughtnet Technologies India Pvt Ltd
831,Beghou Consulting
832,Pramati Technologies
833,Elysiais Technology Pvt Ltd
834,Arcient
835,Target Corporation India
836,Codon Software Pvt Ltd
837,TechFerry Infotech Pvt. Ltd.
838,I Labs Enterprise Services Pvt Ltd
839,HonestBee
840,Integ Software Solutions
841,Integra Software Solutions
842,Chetu India Pvt Ltd
843,People Interactive (I) Pvt. Ltd.
844,Servion Global
845,Aptech
846,Sharp Software Development
847,MTR foods Pvt Ltd
848,Rinksys Info Services Private Limited
849,Infinity Axis
850,Indecomm Global Services
851,Freelancer
852,Redmat India
853,SmartData Enterprises
854,Big Tapp Analytics
855,Kanbay Technologies
856,VA Tech Ventures Pvt Ltd
857,United States Pharmacopeia India Pvt. Ltd
858,IGNCA & Outreach NID
859,Network18 Media & Investments Limited
860,Development Bank Of Singapore
861,Yume
862,Tech Mahindra Americas. Inc
863,Mahaveer Info way Pvt Ltd
864,DreamOrbit Softech Pvt Ltd
865,Allianbiz Technologies
866,Dot Technologies
867,Hcentive
868,Object Technologies India Pvt. Ltd.
869,Techminds Informatics India Pvt. Ltd.
870,NNCS Pvt Ltd
871,VEL IT Solutions Pvt Ltd
872,Geodesic Ltd
873,Global Edge Software Pvt Ltd
874,HCL Services Ltd
875,Majesco Pvt Ltd
876,Corcomp Infosystems Ltd
877,Excers Inc.
878,Development Bank Of Singapore
879,Modria Inc
880,Xeenius Technology Consulting Pvt Ltd
881,Appko Technologies
882,88DB India Pvt Ltd
883,2adpro media solutions
884,SAB Networks
885,Sigmund Global
886,Gratitude Infotech Pvt Ltd
887,Vedanta Resources Limited PLC
888,Netocol Systems & Solutions
889,INX News Pvt Ltd
890,iRead Books Pvt Ltd
891,Harman International Pvt Ltd
892,Avast Technologies
893,Nacre Software Services
894,Kabir Hira Architects
895,Cypress Semiconductor Corporation
896,Microland Limited
897,Aurora Technological Institute
898,Command International
899,Robert Bosch
900,Marlabs Software Pvt Ltd
901,Refer Software Systems
902,Hline Solutions Pvt. Ltd
903,Object Frontier Software Pvt Ltd
904,Reaping Perfection
905,Cibersite india pvt ltd
906,Career Drivers
907,State Bank of India
908,Miracle Software Systems Inc
909,Over Cloud 9
910,Bluestar Infotech Ltd
911,Wipro BPS
912,Tech Pearl Software Pvt Ltd
913,ICT Health Technologies Pvt. Ltd
914,Invertedi
915,pegasystems worldwide India Pvt. ltd
916,Sapiens India Private Limited
917,PricewaterhouseCoopers SDC India Private Ltd.
918,Xion Media Labs
919,FACE
920,Flexsing Technology
921,Teleservices International
922,Sophisticado Ventures LLC
923,Intelligrape Software Pvt. Ltd.
924,Genpact
925,Pahal Foods Exim Ltd
926,"Cognizant Technology Solutions Pvt Ltd.,"
927,Delta Technologies and Management Pvt Ltd
928,Zylog
929,Capsilon
930,Wipro Technologies
931,NY IT
932,RS software India
933,Chai Point
934,Database Solutions Pvt. Ltd.
935,JNET Technologies
936,Talisma Corporation Pvt Ltd
937,AT&T
938,Nippon Data System Ltd
939,Tangence
940,Alcatel-Lucent Managed Solutions India Pvt. Ltd
941,Transworks
942,Prithvi
943,Oakridge IT Solutions
944,PayU India
945,Helios & Matheson Information Technology Ltd
946,GoldenSource India Pvt Ltd
947,Team HR Services Pvt Ltd
948,REI Systems India Pvt Ltd
949,ILabz Technology LLP
950,MuSigma Business Solutions Pvt Ltd
951,Project People Services Pvt Ltd
952,NXT Vision Software Technologies Pvt Ltd
953,Pointgain Ltd Bangalore
954,Agility E Services Pvt Ltd
955,AMD
956,Eclerx Services Pvt Ltd
957,The Digital Group Infotech Pvt. Ltd.
958,NIST pvt ltd
959,Genius Consultant
960,Ingram Micro
961,First America(India) Pvt Ltd
962,Doodleblue
963,"Tata Consultancy Services Pvt. Ltd.,"
964,Clover Infotech
965,VJIL Consulting Pvt Ltd
966,System Plus Technologies Pvt. Ltd.
967,Serco Pvt Ltd
968,ION Idea
969,SPI technologies
970,MTS India
971,Lead Semantics Pvt. Ltd.
972,Gainsight India Pvt Ltd.
973,S2Tech.com India Pvt Ltd
974,Prime Focus
975,Waygum Software Pvt Ltd
976,Eyegear Optics India Pvt Ltd
977,Wells Fargo
978,HDFC
979,Sagies Info Pvt. Ltd.
980,Antechnologie
981,Nuvizz Software Solutions Pvt Ltd
982,Teksystems Global Services
983,Optimum Infosystem
984,Zenith Integra Technologies
985,Yash Technologies
986,Firstsource Solutions Limited
987,Diya Systems ( Mangalore) Pvt Ltd
988,Coromandel International Ltd
989,Ambient  Software Technology Pvt Ltd
990,Innovative Infotech
991,"Plus One Foundation, Seattle, USA"
992,3M India
993,Goldman Sachs Services Private Limited
994,Microtech Systems
995,Corporater Inc.
996,Jaarwis Technology
997,ITP Software India PVT Ltd
998,VCNR Technologies
999,WNS Global Sevices Pvt Ltd
1000,Symphony Teleca
1001,Geset Solutions Pvt Ltd
1002,Pitney Bowles Ltd
1003,Owler India
1004,Mind Craft software
1005,Mentor Graphics Corporation
1006,Frost and Sullivan
1007,DSmart Systems Pvt Ltd.
1008,Tachyon Technologies
1009,De Touche Solutions Pvt. Ltd
1010,CGI Technologies & Solutions Inc.
1011,Amazon Development Center
1012,Faststream Technologies Pvt Ltd
1013,Payoda Tech
1014,DDB Mudra
1015,Ahinjay technologies
1016,Ahoy Telecom Pvt. Ltd.
1017,Innopark India Pvt Ltd
1018,Techolution India Pvt. Ltd.
1019,Flash Infolabs
1020,Objectnet Technologies Pvt Ltd
1021,The Technology Leaders Pvt Ltd
1022,Webenza India Pvt Ltd
1023,Tentacle SSO Sdn Bhd
1024,Idhasoft
1025,Clarimax Solutions
1026,Global IT Data Solutions Inc
1027,OTS Solutions
1028,Saggezza India Pvt. Ltd.
1029,Informatica
1030,UOB
1031,JP Morgan Chase
1032,Paladion Network Pvt ltd
1033,Kensium Legal Services Pvt Ltd
1034,DQ Entertainment International Ltd
1035,Nokia Solutions Networks
1036,Choamandalam MS Genaral Insurance
1037,IMR Softech Pvt Ltd
1038,ProArch IT Solutions Pvt Ltd.
1039,SoftClouds
1040,Mentor Insight India Pvt Ltd
1041,Sungaurd Solutions Pvt Ltd
1042,Perk Data System
1043,Saroj Software Pvt Ltd
1044,CGI Group Inc.
1045,Aricent Technologies Pvt Ltd
1046,Razzorfish India
1047,Taura Web Technologies
1048,Converse.ai
1049,Softway Solutions Inc
1050,Innominds Software (P) Ltd
1051,Cyberswift Info Tech Pvt Ltd
1052,ESN Technologies Pvt.Ltd.
1053,Rage Communications
1054,ISL Software Pvt Ltd
1055,Helios Solutions
1056,Alpha Ori Technologies Pvt Ltd
1057,Codal Systems
1058,Anna University
1059,Heraizen Technologies Pvt Ltd
1060,Business Intelli Solutions
1061,Temenos
1062,Times of India
1063,Interface Software
1064,Microsoft
1065,Polaris Software labs Ltd
1066,Aruba Networks
1067,Oaknorth Bank
1068,Endeavour Software Technologies
1069,Dell International Service
1070,Systime Global Solutions Ltd
1071,KDK Software Pvt. Ltd.
1072,iTuple Technologies Pvt Ltd
1073,Emulex Communications Pvt. Ltd
1074,KPMG
1075,KaayLabs
1076,Gaian Solutions
1077,Johnson Controls India Pvt Ltd
1078,Cable Vision Corporation
1079,Microcom Solutions Private Limited
1080,Bega Cheese Pty Ltd
1081,Open Text Corporation India Pvt. Ltd
1082,GOOMO HOLDINGS PVT LTD
1083,Schonfeld Strategic Techworx
1084,Ahanem
1085,PositiveNaick Analytics
1086,Trianz Holdings Pvt.Ltd.
1087,Practo Technologies
1088,Accenture Solutions Pvt Ltd
1089,Citi
1090,National Technical Research Organisation
1091,Justec Software
1092,ALP consulting Pvt Ltd
1093,Hydoddle Technologies
1094,Cyber Metric Services India Pvt Ltd
1095,Anzy Careers Private Limited
1096,Lumos Software
1097,3LOQ Labs Pvt Ltd
1098,Srijan Technologies
1099,QUADRANT FOUR SOFTWARE SOLUTIONS
1100,Verdasys Digital
1101,SET Labs
1102,Ezeego Travels & Tours Ltd
1103,HCI Solutions Pvt Ltd
1104,Stag Software Pvt Ltd
1105,Bayatree Infocom
1106,Streamline Healthcare Solutions Ltd Pvt
1107,Zavata India Pvt Ltd
1108,ADP Pvt Ltd
1109,Protiviti India Member Pvt Ltd
1110,Quadrangle Search
1111,Techolotion India Pvt. Ltd
1112,I4Global IT solutions LLP
1113,Inrhythm Solutions Pvt Ltd
1114,Living Consumer
1115,Wesnia Info Solutions Pvt Ltd
1116,Dart Info Services
1117,Ejyle Technologies Pvt Ltd
1118,Global Analytics
1119,ANZ Operations and Technology Pvt. Ltd
1120,Reckonsys Tech Pvt Ltd
1121,Simtech Computeronics PVT LTD
1122,Aspire Systems
1123,Sahitya Technologies Pvt. Ltd.
1124,Innovative information solutions
1125,Intellect Design Arena Ltd.
1126,Electra card Services
1127,KNCG Technologies
1128,Internexium Technologies
1129,Bank of America
1130,Mipsoft
1131,Amphora Software Pvt. Ltd
1132,Flying Edge Solutions Pvt Ltd
1133,C3i Support Services Pvt Ltd
1134,Technopal Pvt. Ltd.
1135,CipherCloud
1136,Metricstream Infotech
1137,Iron Mountain Pvt Ltd
1138,Laird Technologies and Happiest Minds Technologies Pvt Ltd
1139,RBS
1140,Instance Info Solution India Pvt Ltd
1141,Ray Business Technologies Pvt Ltd
1142,Icon Software Solutions
1143,NBT Consulting Private Limited
1144,Sara Leather Industries
1145,PB Systems India Pvt Ltd
1146,PurpleTalk
1147,Nuance India Pvt Ltd
1148,Capital Numbers Infotech Pvt Ltd
1149,Primenumbers Technologies
1150,Renovision Automation Services Pvt Ltd
1151,Mandark Technologies Pvt Ltd
1152,Aarelen Management Services
1153,Click Objects IT Solutions Pvt. Ltd
1154,iGold Tech
1155,Schenider Electric India Pvt Ltd.
1156,Aegis Limited
1157,Xchanging Technology Services India Pvt Ltd
1158,Indus Valley Partners
1159,Scio Health Analytic
1160,InteQ Software Private Ltd
1161,GKB Labs
1162,Akana Software Engineering India Pvt Ltd
1163,JABIL  SDN
1164,Thermax Limited
1165,Ruby Software (Now Rubyians Pvt Ltd) Rubiyans Amstor Building Trivandrum Technopark
1166,Saigun Technologies Private Limited
1167,Test Yantra
1168,Antezen Technologies Pvt Ltd
1169,Thotaka Tekhnologies India Pvt Ltd
1170,Visual IQ Techno Services India Pvt. Ltd
1171,NDOT TECHNOLOGIES
1172,Chargebee Technologies Pvt. Ltd.
1173,Tangyleaf Online Services LLP
1174,Directi Web Technology Pvt. Ltd.
1175,Teaq Technologies
1176,DMC Healthcare
1177,Revenbeck Telecommunications
1178,Aktrea Capital
1179,Prana Studios Pvt Ltd
1180,FIS
1181,Unified Infotech Pvt Ltd
1182,Cosmonet Solutions Pvt Ltd
1183,JohnDeere
1184,FarShore Software
1185,Wassup
1186,Ocwen financial solutions
1187,Masymbol Technologies
1188,Ifline Technologies
1189,Dell IT
1190,Axness Technologies Pvt Ltd
1191,Theta Digital Dreams
1192,Syntel International Pvt. Ltd.
1193,Socomo Technologies Chandigargh
1194,Smart Vision Solutions
1195,SearchBlox Software Inc
1196,FTD India Pvt Ltd
1197,Integra Micro Systems (P) Ltd.
1198,Orvito. Inc.
1199,Matrix Minds
1200,AINS India Pvt. Ltd
1201,Mindtree Limited
1202,Sumeru Software Solutions Pvt Ltd
1203,Honeywell India Pvt. Ltd
1204,Grant Thornton US Shared Services Center India Pvt Ltd
1205,Wisdom Leaf Technologies
1206,Computech Corp Pvt Ltd
1207,AIA Bhd
1208,Novalnet e-solutions Pvt Ltd.
1209,Broadridge Financial Services
1210,Techpoint Solutions
1211,Tesco HSC
1212,IBM
1213,Tarento Technologies Pvt. Ltd.
1214,Melstar Technologies India Pvt Ltd
1215,HP India
1216,Aurona Technologies
1217,Clibrace Solutions Pvt Ltd
1218,Bluemeric Technologies
1219,Apex Knowledge Technology
1220,Cultuzz India Pvt Ltd
1221,Information Dynamics
1222,Sierra Atlantic
1223,Shiksha Infotech Pvt. Ltd.
1224,Publicis Sapient
1225,Evolving System
1226,Subex Ltd
1227,Made by Fire
1228,Xcaliber Technology
1229,L&T TS
1230,Spinircle India Pvt Ltd
1231,Towers International
1232,Athreya Technosoft Pvt Ltd
1233,Ushankk technology Pvt ltd
1234,Sunera Technologies
1235,Appshark Software
1236,Qualtech
1237,Sasken Communication Technologies Ltd.
1238,August Purple Services
1239,IntimeTec Visionsoft pvt. Ltd.
1240,Manhattan Associates
1241,3D PLM Software Solutions Ltd
1242,Infinity Labs
1243,Neudesic India
1244,CDK Global India Pvt. Ltd
1245,Hcentive Noida
1246,Affine Analytics Pvt Ltd
1247,Aarpee Electronics
1248,Inter Globe Technology Quotient
1249,Barter Jobs
1250,Sanjay Tube Industries (Sharkk Umbrella
1251,Protalent Software Solutions
1252,United Health Group
1253,Blue Rose Technologies Pvt Ltd
1254,Exl Technosolutions Pvt. Ltd.
1255,Photon Interactive Private Limited
1256,Gen Next Technologies
1257,Paradigm Creatives
1258,Cybage e-volving Solutions
1259,Sigmund Soft Solutions
1260,JNET Technologies
1261,Navigant India Pvt Ltd
1262,Vectramind Technologies Pvt Ltd
1263,Indris Data Services Pvt Ltd
1264,Yamazaki Mazak India Pvt. Ltd
1265,Infogain India Pvt. Ltd.
1266,Pooja Progressive infovision  PVT LTD
1267,To The New
1268,Matrix Solutions
1269,Naukri.com
1270,Elite Computers
1271,Mtree Software Pvt Ltd
1272,enStage Software Pvt. Ltd.
1273,ZenQ Private Limited
1274,Tieto India Private Limited
1275,Vestian Global Workplace Services Pvt Ltd.
1276,Lean Apps Software Pvt Ltd
1277,Engineering Staff College of India
1278,Verinon Technology Solutions
1279,Guangdong University of Technology
1280,Servizona IT Services
1281,Signet Software Solutions
1282,Apalya Technologies Pvt Ltd
1283,Pacific IT consulting Pvt ltd
1284,Allsec
1285,Compugra Systems India Pvt. Ltd
1286,OpsRamp Private Limited
1287,Wipro BPO
1288,NxtGen DataCenter & Cloud TEchnologies Pvt Ltd
1289,Network Solutions Pvt Ltd
1290,Optimus Information
1291,Stayzilla
1292,Adonis HR Services
1293,Webnetism Software Solution Pvt Ltd
1294,IndiaProperty
1295,Exenys Software Solution Ltd
1296,Profectus Analytics Pvt Ltd
1297,Global Mantra Innovations
1298,Simplion Technologies Pvt. Ltd.
1299,"Saksoft, Inc."
1300,Fidelity Information Services India Pvt Ltd
1301,Enterprise Systems Solutions Pvt Ltd
1302,Netserv Technologies
1303,AlphaFinSoft Pvt Ltd
1304,Mu  Sigma
1305,Cerner Corporation
1306,Orbuculum
1307,Vodafone Shared Services Ltd
1308,Infiniti Techlabs LLP
1309,Melstar Information Technologies Ltd
1310,Caritor India Pvt Ltd
1311,Candela Labs
1312,Terrific Minds
1313,LTI
1314,Umbrella Protection
1315,Truven Health Analytics Pvt Ltd
1316,iDiscoveri Education
1317,Smart Stream Technologies
1318,RockLine Solutions India pvt. Limited
1319,Payjo Inc
1320,Adadyn Technologies Private Limited
1321,Rockwell Collins India Pvt Ltd
1322,Interra IT
1323,Perficient Tech.
1324,"Ambily Technology Pvt. Ltd.,"
1325,People Tech Group
1326,Mast Global
1327,Jay Parik Films
1328,Reliance Jio Infocomm Ltd
1329,Cordys Software Pvt Ltd
1330,Coupons.Com
1331,HSBC Technologies
1332,DXC Technologies
1333,Free Lancer
1334,A3Logics India Pvt. Ltd
1335,Gallagher Offshore Support Services Pvt. Ltd.
1336,Mathologic Pvt Ltd
1337,Solunus
1338,Macrotech
1339,AB Corp
1340,R Subrahmanyam & Company
1341,Phoenix Lifecare Systems Pvt. Ltd
1342,Flytta Innovations Private Limited
1343,Pratham Softwares
1344,Bizense Software Technologies Pvt Ltd
1345,Spark Support Infotech Pvt Ltd
1346,LUMERIS INDIA PVT. LTD.
1347,Srimata Cyber Services
1348,Infiniti Software Solutions
1349,Snapdeal
1350,The Guardian Life Insurance  Company of America
1351,Agnitio Technology Pvt Ltd
1352,Plumslice Labs
1353,ICUBE IT Services Pvt Ltd
1354,Uniphore Software Systems
1355,Learning Mate Solutions Pvt. Ltd.
1356,Inurture Education Solution Pvt. Ltd
1357,Recess Collective
1358,My Cityway (G-men Labs)
1359,Cyient Ltd.
1360,Reliable Technologies
1361,Pole to Win India Pvt Ltd
1362,Ongraph Technology
1363,Zirco Mobile Pvt Ltd
1364,Cellworks Research India Pvt Ltd
1365,Multunus Software Pvt Ltd
1366,Weidbee Software Private Limited
1367,Agilysys India Pvt Ltd
1368,Embitel Technologies Pvt Ltd
1369,Zee Entertainment Enterprises
1370,JDA Software
1371,CDAC
1372,HSBC Software Development India
1373,Ambit Software Pvt Ltd
1374,Atos IT Services Pvt. Ltd.
1375,Zaloni Technology India Pvt Ltd
1376,Snapdeal
1377,Movingdneedle
1378,Chakkilam Infotech Pvt Ltd
1379,Sendinblue - Silver Line IT solutions Pvt Ltd.
1380,Linez Software and Services
1381,AdicentIT
1382,Space Time Insight
1383,Intelenet Global Services Pvt Ltd
1384,Intellize Solutions Pvt Ltd
1385,Acropetal Technologies Pvt Ltd
1386,Appshark
1387,Merilytics
1388,Creed Global Technology
1389,SamTechno.in
1390,Trigent Software Ltd.
1391,Vserv
1392,Cemetrix (IT) Services Pvt Ltd
1393,Newgen Knowledgeworks
1394,Mahindra Finance
1395,Crenesis (Orean)
1396,Baroque Technologies
1397,National Hearing Care
1398,QA Uber Technologies
1399,Balan and Nambisan Architects
1400,Nano wicore labs
1401,Knot Solutions Pvt Ltd
1402,Yardi Software
1403,Datametica Solutions Pvt. ltd
1404,Systrac solutions pvt ltd
1405,Spadeowrx Software Services Pvt Ltd
1406,Amnet Sysytems
1407,Satyam Computer Services
1408,Zven
1409,Diligent IT Services Pvt Ltd
1410,Clark Lloyd
1411,Randstad India Ltd
1412,Happemiles
1413,Rotech Infosystems
1414,Convergys
1415,Infinera India Pvt Ltd
1416,World Net Technology
1417,Infonative Solutions Pvt Ltd
1418,NFT Consult
1419,RVM Inc
1420,Exzeo
1421,Cyret Technologies
1422,Aptify
1423,Wifinity Pvt Ltd
1424,GyanData Pvt Ltd
1425,Invention Labs Engineering
1426,HPE Malaysia
1427,Tavant Technologies Pvt. Ltd.
1428,Zomato Media Pvt Ltd
1429,Bees Synergy Systems Pvt Ltd
1430,GreyOrange
1431,panzer Technologies
1432,TeamLease Services Pvt Ltd
1433,G E Energy
1434,Gamooz Interactive Solutions
1435,Fungroo Pvt Ltd
1436,Reliance Communications Ltd
1437,Radical Networks
1438,Quasar Innovations (P) Ltd.
1439,Ayonih Data Services Pvt Ltd
1440,Traverse Infotech
1441,"Times Private Treaties (Bennett, Coleman & Co. Ltd)"
1442,Ferro Metcon Services
1443,Ignis Technologies Solutions Pvt Ltd
1444,Altisource Business Solutions Inc
1445,Vivotex India Pvt. Ltd
1446,MSME
1447,P V Technosoft India Pvt Ltd
1448,Sapient India Consultant Pvt Ltd
1449,P.S. Intelegencia Analytics Pvt. Ltd.
1450,ICICI Bank
1451,Redknee (India) Technologies Pvt Ltd
1452,Thomson Reuters
1453,Eureka IT solution Pvt ltd
1454,W T Solution
1455,Blueberry Digital Labs Pvt Ltd
1456,AINS India Pvt Ltd
1457,Stratosphere IT
1458,AON Services Pvt. Ltd
1459,IDC Technologies
1460,Vision Broad Band Services
1461,KORE
1462,unicon systems pvt ltd
1463,Fiserv
1464,Siva Athele Technologies Pvt Ltd
1465,Shreyas Consultancy
1466,Colors Animaiton Pvt. Ltd
1467,Wipro Ltd
1468,Sungard Availability Services India Pvt Ltd
1469,Vismayas Max Animation Studios
1470,Iridium Interactive Pvt. Ltd
1471,Innoppl Technologies
1472,Husys Consulting Pvt Ltd
1473,Aptira Pty Ltd
1474,Concentrix Service Pvt Ltd
1475,Electronics Corporation of India Ltd
1476,Ingenious Solutions Pvt Ltd
1477,Option Matrix Pvt Ltd
1478,Kayns Infotech Pvt Ltd
1479,Mindfire Solutions
1480,Osprosys Software Pvt Ltd
1481,Innroad Software Development Services
1482,Clorida Infotech
1483,IT Source Technology
1484,Ingenious Solutions Pvt Ltd
1485,Insight Consultancy
1486,"SKUA Pvt Ltd, Hyderabad"
1487,Emids Technologies
1488,Erudite Systems
1489,Strategic Outsourcing Services
1490,TNS India Pvt Ltd
1491,INIT Services
1492,Mauj Telecom Pvt Ltd
1493,Nexval Infotech Pvt Ltd
1494,Tectoro Consulting Private Ltd
1495,Solarwinds
1496,Eka Software
1497,Yaska Technologies
1498,TD
1499,Yorke Communication
1500,Inficare Technologies Pvt Ltd.
1501,RedPanthers
1502,Siemens Technology and Services Pvt Ltd
1503,OPT IT Technologies Pvt Ltd
1504,LGC Promochem Technologies
1505,Myrtle Business Solutions
1506,Medvarsity Online Ltd
1507,Accentiqa Technologies Pvt Ltd
1508,Evoke Technologies
1509,CPQ Solutions Private Limited
1510,"Autonomy Software Asia Pvt Ltd, an HP Company"
1511,Laserbeam Software
1512,Solutions Infini Technologies Pvt Ltd
1513,Ktree Computer Solutions India Pvt Ltd
1514,SOLIX TECHNOLOGIES
1515,Reliance Tech Services
1516,BIR Solutions
1517,HBI Software Pvt Ltd
1518,Nexwave
1519,Kaizen SRA Technologies Pvt Ltd
1520,Aecom
1521,Daps Software
1522,Worklogix
1523,Moreal Infotech Pvt Ltd
1524,Globion India Pvt Ltd
1525,QM Technologies Pvt. Ltd.
1526,Mtelsys Technologies Pvt Ltd
1527,Yatra Online Pvt Ltd
1528,Covansys India Pvt Ltd
1529,KIOT Communications
1530,Accion labs
1531,Zealot Solutions
1532,Absolute Sports Pvt Ltd. (Sportskeeda)
1533,Ramu Kaka Pvt Ltd
1534,Matrix Business Services India Pvt. Ltd
1535,Independent Living Systems LLC
1536,Maharshi Advertising Network
1537,Rensol Technologies
1538,DynPro India Pvt. Ltd.
1539,Value Momentum Software Services Pvt Ltd.
1540,Dolcera
1541,Prolifics Corporation Ltd
1542,OSI Consulting
1543,Ani Technologies Pvt. Ltd.
1544,Luminor Fashion Pvt. Ltd.
1545,Scientific Games India Pvt Ltd
1546,Progressive Digital Media
1547,Locuz Enterprise Solutions Limited
1548,Zoom Car
1549,St. Angelos Computer Education
1550,Pega Systems
1551,SearchHeads Consulting
1552,NMSworks Software
1553,Complete Open Source  Solutions
1554,ABCO India Private Limited
1555,Hinex Technologies Pvt Ltd
1556,EMC Corporation
1557,V2Soft Pvt Ltd
1558,IBIS Infotech
1559,Thematic GIS Technologies Pvt Ltd
1560,ANI Media Pvt Ltd
1561,Webpatshala Solutions Pvt. Ltd.
1562,Diverse Lynx India Pvt. Ltd
1563,Spectraforce Technologies India Pvt. Ltd.
1564,Securifi Embedded System Pvt. Ltd
1565,NTT Data Global Delivery Services Pvt. Ltd.
1566,Jain hydraulics pvt ltd
1567,Factset Systems India Private Limited
1568,NTT Data
1569,Velocis Systems Pvt Ltd
1570,Advaita Logistics Pvt Ltd
1571,Comtec Information Systems
1572,Patni Computer Systems Ltd
1573,Credit Vidya Pvt Ltd
1574,Fission Labs
1575,Spintz Infotech
1576,Raqmiyat Information Technologies Pvt Ltd
1577,Clixoo Solutions
1578,Tinyowl Technology Pvt Ltd
1579,GSPANN Technologies Pvt. Ltd
1580,Nihilent Technologies Ltd.
1581,Siloka IT Solutions Private Limited
1582,Mobiotics IT Solutions Pvt.Ltd.
1583,Adobe Systems
1584,Edgerverve Systems Ltd
1585,Oracle Financial Services
1586,Mindfield Software Solutions
1587,Doot Inc.
1588,Trimble Navigations
1589,FIIND DATA SCIENCES PVT LTD
1590,Extentia Information Technnologies Pvt Ltd
1591,Vegayan Systems pvt ltd
1592,Perigord Premedia India PVT Limited
1593,Centurylink Technologies
1594,CompQsoft Pvt Ltd
1595,Kelly Sevices India Pvt Ltd
1596,Aryeet Software Solutions Pvt.Ltd.
1597,Jewels Conference Suite
1598,Pronto Software Solutions
1599,TATA ELXSI LIMITED
1600,Here Solutions India Private Limited
1601,Avaya India Pvt Ltd
1602,Motorola Solutions India Pvt Ltd
1603,Moving Needle Pvt Ltd
1604,Staples Netherlands
1605,Webadd Technologies
1606,Atum IT Services India Pvt Ltd
1607,Six Sigma Soft Solutions Pvt Ltd
1608,Design Whiz  Groups
1609,"Cultuzz India Pvt. Ltd.,"
1610,MIMANSA Software Systems Pvt Ltd
1611,Shell India Market Pvt. Ltd
1612,Bizframe Technologies
1613,Capiot Software PVT LTD
1614,KRDS Software
1615,DHL worldwide
1616,TRX Technologies
1617,Zarca Interactive
1618,Accendum Solutions India Pvt Ltd
1619,Disney India
1620,Griffin Infosystems
1621,Software Innovation Lessana Business Park
1622,GMBH
1623,Verse Innovation Pvt. Ltd
1624,RDA Labs India Pvt. Ltd.
1625,Expert Global E-commerce Solution
1626,HCL Infotech Ltd.
1627,WinWire Technologies
1628,Verizon Data Services India
1629,Leap Thought NZ Ltd
1630,Xenium Digital Pvt Ltd
1631,Tek Systems
1632,Scientific Games
1633,Parametric Tech. Corp
1634,Deevas Technosoft India Pvt Ltd
1635,Esika Infotech
1636,Sutherland Global
1637,Optum
1638,Anipr Technologies
1639,Dexel Designs Pvt ltd
1640,Sapient Bengaluru
1641,Cibersite india pvt ltd
1642,SungGard global services
1643,Realcom Technology
1644,RBC
1645,Tera Software Limited
1646,Zeta Interactive
1647,Experis IT Pvt Ltd
1648,Mubble Networks
1649,Flexiboard
1650,Sriniti Software Pvt Ltd
1651,P S  Kulkarni & Associates
1652,Sify Software Limited
1653,"H.T Media, Gurgaon"
1654,Mobisy Technologies Pvt Ltd
1655,Hexaware Asia Pacific Pvt Ltd Singapore
1656,InfoPro India Pvt Ltd
1657,G17
1658,Lord Krishna College of Engineering
1659,Crown Solutions India Pvt. Ltd.
1660,CNO IT SERVICES (INDIA) PRIVATE LIMITED
1661,Whishworks IT Consulting Pvt Ltd
1662,GEP Solutions Pvt. Ltd.
1663,AmpleLogic
1664,REAL PAGE INDIA PVT LTD
1665,ReportGarden
1666,Unikave Technologies
1667,Maanya Web Solutions
1668,Data Pioneer
1669,Empressem Technologies India Pvt Ltd
1670,NEC Technologies India Pvt Ltd
1671,Trekbin Technologies
1672,CGI Information Systems and Management Consultants Pvt Ltd
1673,Ideal Inven Technologies Pvt Ltd
1674,Vannplastic Limited
1675,Beetlerim Technologies Pvt Ltd
1676,3 Global Services
1677,Indmax IT Services Private Limited
1678,Sure Barmer
1679,Let's SOS
1680,Costrategix Pvt Ltd.
1681,Yuvasoft solutions
1682,Enspire Technologies
1683,Zemoso Technologies
1684,LogicMatter India Pvt.Ltd
1685,Deccan Soft Software Services
1686,Securifi Embedded System Pvt. Ltd
1687,Westwave Communications
1688,Zenoke Business Solutions
1689,Brillio Technologies Pvt. Ltd.
1690,Cognate IT Services Pvt Ltd
1691,S-Team Software Solutions
1692,Epiq Systems
1693,Synergy Netsoft
1694,Redknee India OS Private Limited
1695,OSI Digital India Pvt Ltd
1696,AppViewx
1697,Positive Technology Pvt Ltd
1698,ShopClues.com
1699,NuWare Systems Pvt Ltd
1700,Purologics Technologies Pvt Ltd
1701,Bandvalley Technolgies
1702,Entransys Pvt. Ltd
1703,Sun Technology Integrators
1704,Optimizes Solutions Pvt Ltd
1705,LASSIB Society
1706,Aditi Technologies Pvt Ltd
1707,Mswipe Technologies
1708,Gaia Consulting & Solutions
1709,UOL India Pvt. Ltd.
1710,Allscripts Healthcare Technologies Pvt
1711,Flextronics
1712,Zeta Global
1713,IMS Health Private Limited
1714,Giorgio Armani
1715,FSS
1716,e4e Business Solutions
1717,Hexagon Capability Center India Pvt. Ltd
1718,Mwebware software services
1719,G L Communication
1720,Ameex Technologies
1721,Rubiyans Pvt Ltd
1722,ePeople HR Services
1723,AAUM ANALYTICS
1724,Dreamorbit
1725,Open Text Corporation India Pvt. Ltd
1726,Lava International Ltd
1727,Barainfo
1728,Synapze Technologies Pvt. Ltd
1729,IITB
1730,Online Productivity Solutions Pvt Ltd.
1731,BSR Developers
1732,ABP Pvt Ltd
1733,Ericsson
1734,Purple Arrow Consultancy Pvt Ltd.
1735,Adstruck Consulting Pvt. Ltd.
1736,Zycus Infotech Pvt Ltd
1737,Ciel HR services private limited
1738,Mobiloitte technologies
1739,Amission Group
1740,Nisum Technologies
1741,Appcloud Software Solutions Pvt Ltd
1742,Qualminds Technologies
1743,Teamware Solutions
1744,Axon Management Advisory Services Pvt Ltd
1745,IGate
1746,Buniyad Services
1747,Unisoft Technologies Pvt Ltd
1748,MicroGenesis TechSoft Pvt Ltd
1749,Liquid Jub Analysis Pvt Ltd
1750,Altisource Pvt Ltd
1751,Valeo India Pvt Ltd
1752,"Full Moon Game Studios, UK"
1753,Swayam Inologic
1754,Valtech India Systems Pvt Ltd
1755,Reena Infotech Pvt Ltd
1756,Ilogicon Control Automation Pvt. Ltd.
1757,Aroha Technologies Private Ltd
1758,Vinsol
1759,Varite India Private Limited
1760,SMARTEK TECHNOLOGIES
1761,"Samsang R&D Institute India, B'lore"
1762,OSI Technologies
1763,Tech Era IT Consulting Pvt. Ltd.
1764,Summation IT
1765,McAfee
1766,Tecceed Software Solutions Pvt Ltd
1767,Perseus Distribution
1768,Tecroo
1769,Dharani Info
1770,Tech Tammina
1771,Paragyte Technologies Pvt Ltd
1772,SEW Infrastructure Ltd.
1773,Design Consultancy Services NID
1774,Allied Digital Services Limited
1775,Accelyst Solutions Private Ltd.
1776,Mindmaps Technologies Pvt Lts
1777,Drawinbox
1778,Argus Information and Advisory Services
1779,Next Sphere Technologies
1780,Infilabs LLC
1781,Ninemiles Studios Pvt Ltd
1782,Embytes Private Solution
1783,Fareportal India Pvt Ltd.
1784,GEP Solutions Pvt. Ltd.
1785,HTC Global
1786,Cygate Cloud Services Private Limited
1787,CSC - App Labs
1788,Model N Pvt Ltd
1789,Optimist Softech Pvt Ltd
1790,Vitruvian Technologies Pvt Ltd
1791,Bruno's Computer Solutions & Software Pvt. Ltd.
1792,ZS Associates
1793,Proclan Technologies Pvt ltd
1794,Dream India Management Solutions Pvt Ltd
1795,SIT Projects
1796,Seamless Pvt. Ltd
1797,Tech Mahindra Ltd
1798,JRD Systems Pvt Ltd
1799,Cellarch Technogies Pvt Ltd
1800,PTC
1801,Radium Technologies
1802,Apps Associates Pvt Ltd
1803,Katalyst Technologies
1804,Handigital Solutions
1805,Datamatics Vista Infosystems Ltd
1806,ISH Markit
1807,ECI Telecom India Pvt Ltd.
1808,Property Guru
1809,Kochar Technosoft
1810,Athena Health
1811,Simple Works Business Solution
1812,Qualitest India Pvt Ltd
1813,2 Pixels Solutions Pvt Ltd
1814,Shreyas Technologies
1815,Virtusa Consulting Services
1816,Outline Systems Pvt Ltd
1817,BNY Mellon
1818,Gateway Technolab
1819,Bodhtree Consulting
1820,Defteam Solutions Pvt Ltd.
1821,Megatronics Impex
1822,Gap Bridge
1823,Morgan Stanley Advantage Services Pvt Ltd
1824,Micosoft
1825,Genesis India Pvt Ltd
1826,Dividz Infortech Ovt Ltd
1827,Symantec
1828,Headrun Technologies Pvt Ltd
1829,Centura Technologies
1830,AIG
1831,Cognos IT Solutions
1832,Digital Avenues Ltd
1833,RR Donnelley
1834,Genisys UK
1835,Mobme Wireless
1836,AIT RESOURCE INDIA
1837,Foray Soft Ltd
1838,Wifinity Technologies Pvt Ltd
1839,Cignex Datamatics Technologies Ltd
1840,Lycos Internet Limited
1841,Agnitio IT Solutions Pvt Ltd
1842,Xora Software Systems
1843,Vamo System
1844,Upasana Design Studio
1845,Stalwart- Infotech (OPC) Pvt Ltd
1846,Allide IT Services
1847,PDI
1848,Neelsys India Private Limited
1849,I -Catalyst Solutions
1850,Bizviz Technologies
1851,Diginet Systems Pvt Ltd
1852,Aurionpro Solutions Limited
1853,Dinedesk Hospitality Services
1854,Ooyala India Pvt Ltd
1855,Scope International Pvt Ltd
1856,Edgeverve Systems
1857,ACI Worldwide Solutions Private Limited
1858,Conversant Software Development & Campaign Management Services LLP
1859,Guru Gowri Krupa Technologies
1860,Callheath Services Pvt Ltd
1861,Enovate Media Solutions
1862,Sun Technology Integrators Pvt. Ltd.
1863,Streamvector Technology Pvt Ltd
1864,Enlume Inc.
1865,Numiclix Technologies
1866,"Electronic Arts, Hyderabad."
1867,Impiger Technologies
1868,NMSWorks Software
1869,CSS Corp
1870,Tao Automation Services Pvt Ltd
1871,Webfosys Networks
1872,Lovelock & Lewes
1873,Netbiscuits
1874,Newgen
1875,Gem Source IT Consulting Pvt Ltd
1876,Guru Gowri Krupa Technologies Pvt Ltd
1877,Quintegra Inc
1878,ZESTYBEANZ Technologies
1879,Kotak Life Insurance
1880,SenecaGlobal
1881,Live Architecture
1882,Insight Consultancy Services
1883,Artech Infosystems Pvt Ltd
1884,Phonecurry.com
1885,"The Technocrats, Delhi"
1886,Adroit Infoactive Services Pvt Ltd
1887,Sirius Computer Solutions
1888,Atishe Chordia
1889,InfoExpert
1890,Newgen Software Technologies
1891,Innominds Business Technologies Pvt. Ltd.
1892,Blueocean Market Intelligence
1893,Nucleus Software
1894,CADD Conversions
1895,IIC Services India Pvt. Ltd
1896,MFX Infotech Pvt Ltd
1897,Core Software
1898,Genisys IT Systems
1899,Happiest Minds Technologies
1900,Mastersys Technologies Pvt. Ltd.
1901,Tarant Software pvt.ltd
1902,Codecsoft IT Services PVT LTD
1903,AccTrak21 Sdn Bhd
1904,Atmecs
1905,Beyontec Solutions
1906,Paypal
1907,Autodesk
1908,"International Systems Technologies, Inc,"
1909,Monocept Technology  Pvt Ltd
1910,Inavit Digital Pvt. Ltd.
1911,OGS Animation
1912,Saviance Technologies Pvt. Ltd.
1913,Energy Quote  Pvt Ltd
1914,Clinzen Software
1915,HCL Technologies
1916,HSBC Electronic Data Processing India Pvt Ltd.
1917,MPS Technologies Pvt. Ltd
1918,Winlin Infotech India Private Limited
1919,One convergence Devices PVT LTD
1920,Alchemy Software Solutions
1921,Odisha Power System
1922,Lintel Technologies Pvt Ltd
1923,IBS HO
1924,SagarSoft pvt.ltd
1925,Cavisson Systems
1926,Ginormous Technologies
1927,Delve Infotech Pvt. Ltd
1928,Samsung Research Institute(Noida)
1929,AppLogic IT Solutions India Pvt Ltd
1930,Steelwedge Technologies Pvt Ltd
1931,Naipunya Sourcing
1932,Philips Electronics Inda Ltd
1933,SunTec Business Solutions Pvt Ltd
1934,Think Design Collaborative Pvt. Ltd
1935,Standard Chartered Global Business Services
1936,AlertEnterprise Inc
1937,ST Microelectronics
1938,LASON INDIA
1939,Magna Infotech
1940,Lendingkart Technologies
1941,Hospira Healthcare India Pvt. Ltd.
1942,Sunpro Cyber Systems Pvt Ltd
1943,Mobinets
1944,Corbus India
1945,Amdocs
1946,MicroSpark Software Solutions Private Limited
1947,R Systems International Pvt Ltd
1948,E-Dynamic
1949,Albero Technologies
1950,Cognition Infosystems
1951,"Opera Solutions, Noida"
1952,"POWr, Inc."
1953,Ndtv Convergence Ltd
1954,Pernod Ricard India Pvt Ltd
1955,Market and Markets
1956,Ecentric- HR Solution
1957,Verifone India Technology Pvt Ltd
1958,iTabs Pvt Ltd
1959,Secuark Pvt Ltd
1960,Iprocess Business Solutions Pvt. Ltd
1961,Aezion Pvt Ltd
1962,"International Institute of Information Technology, Hyderabad"
1963,Arosestar Digital Healthcare Technologies Private Limited
1964,AWC Software Pvt Ltd
1965,Tekbiz Soft Solutions
1966,Thoghtworks Technologies Pvt Ltd
1967,Vepabiz Consultants Pvt Ltd
1968,Ascena Retail group
1969,Integrated Enterprises
1970,Datayaan Solutions Pvt Ltd
1971,Kapil Chits Private Limited
1972,Skillnet Solutions
1973,Sapient Razorfish
1974,Virinchi Technologies Limited
1975,CreditMantri Finserv
1976,Ozas Technologies Pvt Ltd
1977,Intel Corporation
1978,UTS Pvt Ltd
1979,Karvy Computershare Pvt. Ltd
1980,IVY Comptech
1981,DB Xento Systems
1982,Innoeye Technologies Pvt Ltd
1983,Maximus Infoware
1984,Quantum Value IT Services Pvt. Ltd.
1985,Avani Technologies
1986,Redington India
